{
  "version": "1.0",
  "defaultProvider": "cdnjs",
  "libraries": [
    {
      "library": "twitter-bootstrap@4.4.1",
      "destination": "wwwroot/lib/bootstrap"
    },
    {
      "library": "font-awesome@5.12.1",
      "destination": "wwwroot/lib/fontawesome"
    },
    {
      "library": "jquery@3.4.1",
      "destination": "wwwroot/lib/jquery"
    },
    {
      "library": "jquery-validate@1.19.1",
      "destination": "wwwroot/lib/jquery-validate"
    },
    {
      "library": "jquery-validation-unobtrusive@3.2.11",
      "destination": "wwwroot/lib/jquery-validation-unobtrusive"
    }
  ]
}